$.DLM.comma
$.ENC.Windows-31J
$.FID,20120118_185645162,SYSTEM_ACCOUNT
$.SQL,SELECT USER_ID AS DBEVI_PK, USER_ID, LOGIN_ID, PASSWORD, USER_ID_LOCKED, PASSWORD_EXPIRATION_DATE, FAILED_COUNT, EFFECTIVE_DATE_FROM, EFFECTIVE_DATE_TO, TO_CHAR(LAST_LOGIN_DATE_TIME,'YYYY-MM-DD HH24:MI:SS.FF3') AS LAST_LOGIN_DATE_TIME_, INSERT_USER_ID, TO_CHAR(INSERT_DATE,'YYYY-MM-DD HH24:MI:SS.FF3') AS INSERT_DATE_, UPDATED_USER_ID, TO_CHAR(UPDATED_DATE,'YYYY-MM-DD HH24:MI:SS.FF3') AS UPDATED_DATE_, VERSION FROM SYSTEM_ACCOUNT ORDER BY DBEVI_PK
$.BND
$.TBL.NAME,,,,,,,,,,,,,,,
$.CLM.NAME,DBEVI_PK,USER_ID,LOGIN_ID,PASSWORD,USER_ID_LOCKED,PASSWORD_EXPIRATION_DATE,FAILED_COUNT,EFFECTIVE_DATE_FROM,EFFECTIVE_DATE_TO,LAST_LOGIN_DATE_TIME_,INSERT_USER_ID,INSERT_DATE_,UPDATED_USER_ID,UPDATED_DATE_,VERSION
$.CLM.TYPE,1,1,12,12,1,1,2,1,1,12,1,12,1,12,2
$.CLM.SIZE,10:0,10:0,20:0,44:0,1:0,8:0,1:0,8:0,8:0,29:0,10:0,29:0,10:0,29:0,10:0
1,0000000001,0000000001,nablarch,QYpWzh9lAzolcxip+jCKzjHatdhZU9wbMEfVObeF5aA=,0,20201231,0,20100901,20201231,2012-01-18 18:53:10.819,          ,1970-01-01 09:00:00.000,          ,1970-01-01 09:00:00.000,1
2,0000000002,0000000002,consumer1,t/S2gu7KVzgboGYJrf4M7t4GB8By/kbPDz5byCu593c=,0,20201231,0,20100901,20201231,1970-01-01 09:00:00.000,          ,1970-01-01 09:00:00.000,          ,1970-01-01 09:00:00.000,1
3,0000000003,0000000003,consumer2,wuGEIT8h6KMJ/sVxK+JZJIXk9I+JlL3mMd97VGwXg6E=,0,20201231,0,20100901,20201231,1970-01-01 09:00:00.000,          ,1970-01-01 09:00:00.000,          ,1970-01-01 09:00:00.000,1
4,0000000004,0000000004,consumer3,pH7J5ZdwLq7NZEDl2B9hp3QhDztIdEllBIbpKQtH5l4=,0,20201231,0,20100901,20201231,1970-01-01 09:00:00.000,          ,1970-01-01 09:00:00.000,          ,1970-01-01 09:00:00.000,1
5,0000000005,0000000005,public1,/RtfeMgan/xy3prspV7LbQLMbJy1Ll2y5n8KGaUN+vE=,0,20201231,0,20100901,20201231,1970-01-01 09:00:00.000,          ,1970-01-01 09:00:00.000,          ,1970-01-01 09:00:00.000,1
6,0000000006,0000000006,forBatchDeleteUser01,/xxxxxxxxxxxxxxxxxxxxxxxxxxxxxxxxxxxxxxxxxx=,0,20201231,0,20100901,20201231,1970-01-01 09:00:00.000,          ,1970-01-01 09:00:00.000,          ,1970-01-01 09:00:00.000,1
7,0000000008,0000000008,forBatchDeleteUser03,/xxxxxxxxxxxxxxxxxxxxxxxxxxxxxxxxxxxxxxxxxx=,0,20201231,0,20100901,20201231,1970-01-01 09:00:00.000,          ,1970-01-01 09:00:00.000,          ,1970-01-01 09:00:00.000,1
8,0000000009,0000000009,forBatchDeleteUser04,/xxxxxxxxxxxxxxxxxxxxxxxxxxxxxxxxxxxxxxxxxx=,0,20201231,0,20100901,20201231,1970-01-01 09:00:00.000,          ,1970-01-01 09:00:00.000,          ,1970-01-01 09:00:00.000,1
9,0000000011,0000000011,forBatchDeleteUser06,/xxxxxxxxxxxxxxxxxxxxxxxxxxxxxxxxxxxxxxxxxx=,0,20201231,0,20100901,20201231,1970-01-01 09:00:00.000,          ,1970-01-01 09:00:00.000,          ,1970-01-01 09:00:00.000,1
10,0000000012,0000000012,forBatchDeleteUser07,/xxxxxxxxxxxxxxxxxxxxxxxxxxxxxxxxxxxxxxxxxx=,0,20201231,0,20100901,20201231,1970-01-01 09:00:00.000,          ,1970-01-01 09:00:00.000,          ,1970-01-01 09:00:00.000,1
11,0000000013,0000000013,forBatchDeleteUser08,/xxxxxxxxxxxxxxxxxxxxxxxxxxxxxxxxxxxxxxxxxx=,0,20201231,0,20100901,20201231,1970-01-01 09:00:00.000,          ,1970-01-01 09:00:00.000,          ,1970-01-01 09:00:00.000,1
12,0000000014,0000000014,forBatchDeleteUser09,/xxxxxxxxxxxxxxxxxxxxxxxxxxxxxxxxxxxxxxxxxx=,0,20201231,0,20100901,20201231,1970-01-01 09:00:00.000,          ,1970-01-01 09:00:00.000,          ,1970-01-01 09:00:00.000,1
13,0000000015,0000000015,forBatchDeleteUser10,/xxxxxxxxxxxxxxxxxxxxxxxxxxxxxxxxxxxxxxxxxx=,0,20201231,0,20100901,20201231,1970-01-01 09:00:00.000,          ,1970-01-01 09:00:00.000,          ,1970-01-01 09:00:00.000,2
14,0000000016,0000000016,forBatchDeleteUser11,/xxxxxxxxxxxxxxxxxxxxxxxxxxxxxxxxxxxxxxxxxx=,0,20201231,0,20100901,20201231,1970-01-01 09:00:00.000,          ,1970-01-01 09:00:00.000,          ,1970-01-01 09:00:00.000,1
15,0000000017,0000000017,forBatchDeleteUser12,/xxxxxxxxxxxxxxxxxxxxxxxxxxxxxxxxxxxxxxxxxx=,0,20201231,0,20100901,20201231,1970-01-01 09:00:00.000,          ,1970-01-01 09:00:00.000,          ,1970-01-01 09:00:00.000,1
16,0000000018,0000000018,forBatchDeleteUser13,/xxxxxxxxxxxxxxxxxxxxxxxxxxxxxxxxxxxxxxxxxx=,0,20201231,0,20100901,20201231,1970-01-01 09:00:00.000,          ,1970-01-01 09:00:00.000,          ,1970-01-01 09:00:00.000,1
17,0000000019,0000000019,forBatchDeleteUser14,/xxxxxxxxxxxxxxxxxxxxxxxxxxxxxxxxxxxxxxxxxx=,0,20201231,0,20100901,20201231,1970-01-01 09:00:00.000,          ,1970-01-01 09:00:00.000,          ,1970-01-01 09:00:00.000,1
18,0000000020,0000000020,forBatchDeleteUser15,/xxxxxxxxxxxxxxxxxxxxxxxxxxxxxxxxxxxxxxxxxx=,0,20201231,0,20100901,20201231,1970-01-01 09:00:00.000,          ,1970-01-01 09:00:00.000,          ,1970-01-01 09:00:00.000,1
19,0000000021,0000000021,forBatchDeleteUser16,/xxxxxxxxxxxxxxxxxxxxxxxxxxxxxxxxxxxxxxxxxx=,0,20201231,0,20100901,20201231,1970-01-01 09:00:00.000,          ,1970-01-01 09:00:00.000,          ,1970-01-01 09:00:00.000,1
20,0000000022,0000000022,forBatchDeleteUser17,/xxxxxxxxxxxxxxxxxxxxxxxxxxxxxxxxxxxxxxxxxx=,0,20201231,0,20100901,20201231,1970-01-01 09:00:00.000,          ,1970-01-01 09:00:00.000,          ,1970-01-01 09:00:00.000,1
21,0000000023,0000000023,forBatchDeleteUser�P8,/xxxxxxxxxxxxxxxxxxxxxxxxxxxxxxxxxxxxxxxxxx=,0,20201231,0,20100901,20201231,1970-01-01 09:00:00.000,          ,1970-01-01 09:00:00.000,          ,1970-01-01 09:00:00.000,1
22,0000000024,0000000024,forPagingUser01,/xxxxxxxxxxxxxxxxxxxxxxxxxxxxxxxxxxxxxxxxxx=,0,20201231,0,20100901,20201231,1970-01-01 09:00:00.000,          ,1970-01-01 09:00:00.000,          ,1970-01-01 09:00:00.000,2
23,0000000025,0000000025,forPagingUser02,/xxxxxxxxxxxxxxxxxxxxxxxxxxxxxxxxxxxxxxxxxx=,0,20201231,0,20100901,20201231,1970-01-01 09:00:00.000,          ,1970-01-01 09:00:00.000,          ,1970-01-01 09:00:00.000,1
24,0000000026,0000000026,forPagingUser03,/xxxxxxxxxxxxxxxxxxxxxxxxxxxxxxxxxxxxxxxxxx=,0,20201231,0,20100901,20201231,1970-01-01 09:00:00.000,          ,1970-01-01 09:00:00.000,          ,1970-01-01 09:00:00.000,1
25,0000000027,0000000027,forPagingUser04,/xxxxxxxxxxxxxxxxxxxxxxxxxxxxxxxxxxxxxxxxxx=,0,20201231,0,20100901,20201231,1970-01-01 09:00:00.000,          ,1970-01-01 09:00:00.000,          ,1970-01-01 09:00:00.000,1
26,0000000028,0000000028,forPagingUser05,/xxxxxxxxxxxxxxxxxxxxxxxxxxxxxxxxxxxxxxxxxx=,0,20201231,0,20100901,20201231,1970-01-01 09:00:00.000,          ,1970-01-01 09:00:00.000,          ,1970-01-01 09:00:00.000,1
27,0000000029,0000000029,forPagingUser06,/xxxxxxxxxxxxxxxxxxxxxxxxxxxxxxxxxxxxxxxxxx=,0,20201231,0,20100901,20201231,1970-01-01 09:00:00.000,          ,1970-01-01 09:00:00.000,          ,1970-01-01 09:00:00.000,1
28,0000000030,0000000030,forPagingUser07,/xxxxxxxxxxxxxxxxxxxxxxxxxxxxxxxxxxxxxxxxxx=,0,20201231,0,20100901,20201231,1970-01-01 09:00:00.000,          ,1970-01-01 09:00:00.000,          ,1970-01-01 09:00:00.000,1
29,0000000031,0000000031,forPagingUser08,/xxxxxxxxxxxxxxxxxxxxxxxxxxxxxxxxxxxxxxxxxx=,0,20201231,0,20100901,20201231,1970-01-01 09:00:00.000,          ,1970-01-01 09:00:00.000,          ,1970-01-01 09:00:00.000,1
30,0000000032,0000000032,forPagingUser09,/xxxxxxxxxxxxxxxxxxxxxxxxxxxxxxxxxxxxxxxxxx=,0,20201231,0,20100901,20201231,1970-01-01 09:00:00.000,          ,1970-01-01 09:00:00.000,          ,1970-01-01 09:00:00.000,1
31,0000000033,0000000033,forPagingUser10,/xxxxxxxxxxxxxxxxxxxxxxxxxxxxxxxxxxxxxxxxxx=,0,20201231,0,20100901,20201231,1970-01-01 09:00:00.000,          ,1970-01-01 09:00:00.000,          ,1970-01-01 09:00:00.000,1
32,0000000034,0000000034,forPagingUser11,/xxxxxxxxxxxxxxxxxxxxxxxxxxxxxxxxxxxxxxxxxx=,0,20201231,0,20100901,20201231,1970-01-01 09:00:00.000,          ,1970-01-01 09:00:00.000,          ,1970-01-01 09:00:00.000,1
33,0000000035,0000000035,forPagingUser12,/xxxxxxxxxxxxxxxxxxxxxxxxxxxxxxxxxxxxxxxxxx=,0,20201231,0,20100901,20201231,1970-01-01 09:00:00.000,          ,1970-01-01 09:00:00.000,          ,1970-01-01 09:00:00.000,1
34,0000000036,0000000036,forPagingUser13,/xxxxxxxxxxxxxxxxxxxxxxxxxxxxxxxxxxxxxxxxxx=,0,20201231,0,20100901,20201231,1970-01-01 09:00:00.000,          ,1970-01-01 09:00:00.000,          ,1970-01-01 09:00:00.000,1
35,0000000037,0000000037,forPagingUser14,/xxxxxxxxxxxxxxxxxxxxxxxxxxxxxxxxxxxxxxxxxx=,0,20201231,0,20100901,20201231,1970-01-01 09:00:00.000,          ,1970-01-01 09:00:00.000,          ,1970-01-01 09:00:00.000,1
36,0000000038,0000000038,forPagingUser15,/xxxxxxxxxxxxxxxxxxxxxxxxxxxxxxxxxxxxxxxxxx=,0,20201231,0,20100901,20201231,1970-01-01 09:00:00.000,          ,1970-01-01 09:00:00.000,          ,1970-01-01 09:00:00.000,1
37,0000000039,0000000039,forPagingUser16,/xxxxxxxxxxxxxxxxxxxxxxxxxxxxxxxxxxxxxxxxxx=,0,20201231,0,20100901,20201231,1970-01-01 09:00:00.000,          ,1970-01-01 09:00:00.000,          ,1970-01-01 09:00:00.000,1
38,0000000040,0000000040,forPagingUser17,/xxxxxxxxxxxxxxxxxxxxxxxxxxxxxxxxxxxxxxxxxx=,0,20201231,0,20100901,20201231,1970-01-01 09:00:00.000,          ,1970-01-01 09:00:00.000,          ,1970-01-01 09:00:00.000,1
39,0000000041,0000000041,forPagingUser18,/xxxxxxxxxxxxxxxxxxxxxxxxxxxxxxxxxxxxxxxxxx=,0,20201231,0,20100901,20201231,1970-01-01 09:00:00.000,          ,1970-01-01 09:00:00.000,          ,1970-01-01 09:00:00.000,1
40,0000000042,0000000042,forPagingUser19,/xxxxxxxxxxxxxxxxxxxxxxxxxxxxxxxxxxxxxxxxxx=,0,20201231,0,20100901,20201231,1970-01-01 09:00:00.000,          ,1970-01-01 09:00:00.000,          ,1970-01-01 09:00:00.000,1
41,0000000043,0000000043,forPagingUser20,/xxxxxxxxxxxxxxxxxxxxxxxxxxxxxxxxxxxxxxxxxx=,0,20201231,0,20100901,20201231,1970-01-01 09:00:00.000,          ,1970-01-01 09:00:00.000,          ,1970-01-01 09:00:00.000,1
42,0000000044,0000000044,forPagingUser21,/xxxxxxxxxxxxxxxxxxxxxxxxxxxxxxxxxxxxxxxxxx=,0,20201231,0,20100901,20201231,1970-01-01 09:00:00.000,          ,1970-01-01 09:00:00.000,          ,1970-01-01 09:00:00.000,1
43,0000000045,0000000045,forPagingUser22,/xxxxxxxxxxxxxxxxxxxxxxxxxxxxxxxxxxxxxxxxxx=,0,20201231,0,20100901,20201231,1970-01-01 09:00:00.000,          ,1970-01-01 09:00:00.000,          ,1970-01-01 09:00:00.000,1
44,0000000046,0000000046,forPagingUser23,/xxxxxxxxxxxxxxxxxxxxxxxxxxxxxxxxxxxxxxxxxx=,0,20201231,0,20100901,20201231,1970-01-01 09:00:00.000,          ,1970-01-01 09:00:00.000,          ,1970-01-01 09:00:00.000,1
45,0000000047,0000000047,forPagingUser24,/xxxxxxxxxxxxxxxxxxxxxxxxxxxxxxxxxxxxxxxxxx=,0,20201231,0,20100901,20201231,1970-01-01 09:00:00.000,          ,1970-01-01 09:00:00.000,          ,1970-01-01 09:00:00.000,1
46,0000001002,0000001002,test_user,2yVEV1HOudryvPyHV6q8XZ0sDUrYbC6MasYniVt+UXI=,0,20110315,0,20110215,20120215,,0000000001,2012-01-18 11:44:14.979,0000000001,2012-01-18 11:44:14.979,1
47,0000001003,0000001003,01234567890123456789,3sPE/udIxNHDFBPh7s4qtulo24FTxu0g0uXMpoHAbas=,0,20110315,0,20110215,20120215,,0000000001,2012-01-18 14:13:49.070,0000000001,2012-01-18 14:13:49.070,1
